<?xml version="1.0" encoding="UTF-8"?>
<!DOCTYPE hibernate-mapping PUBLIC "-//Hibernate/Hibernate Mapping DTD 3.0//EN" "http://hibernate.sourceforge.net/hibernate-mapping-3.0.dtd">
<hibernate-mapping>
	<class name="cn.edu.zjut.po.Manager" table="manager" catalog="hibernatedb">
		<id name="managerID" type="int">
			<column name="managerID"/>
			<generator class="increment"/>
		</id>
		<property name="account" type="string">
			<column name="account" length="20" unique="true"/>
		</property>
		<property name="password" type="string">
			<column name="password" length="20"/>
		</property>
	</class>
</hibernate-mapping>